{"configs_key":{"free_trial_popup_show_on_free_content_consumed":"false","free_trial_popup_duration":"60","max_download_limit":"5","free_trial_popup_show_on_app_start":"false","show_auto_renewal_pop_up":"true","halted_dialog_show_watch_click":"true","jokhon_tokhan_status":"true","show_upcoming_tab":"true","halted_dialog_show_app_open":"true","free_trial_popup_interval_duration":"24","free_trial_popup_show_on_watch_click":"false","android_force_update_version":"16"},"fetch_time_key":0,"abt_experiments_key":[],"personalization_metadata_key":{},"template_version_number_key":0,"rollout_metadata_key":[]}