{"configs_key":{"android_force_update_version":"13","extras_video_peak_bit_rate":"900000","free_trial_popup_duration":"60","free_trial_popup_interval_duration":"24","free_trial_popup_show_on_app_start":"true","free_trial_popup_show_on_free_content_consumed":"true","free_trial_popup_show_on_watch_click":"true","halted_sub_pop_up_show_on_app_open":"true","halted_sub_pop_up_show_on_watch_click":"true","jokhon_tokhan_status":"true","max_download_limit":"15","show_auto_renewal_pop_up":"true","show_upcoming_tab":"true"},"fetch_time_key":1755856065662,"abt_experiments_key":[],"personalization_metadata_key":{},"template_version_number_key":12,"rollout_metadata_key":[]}