{"Fid":"exzHg1IGSLSkRRyHoIBTaw","Status":3,"AuthToken":"eyJhbGciOiJFUzI1NiIsInR5cCI6IkpXVCJ9.eyJhcHBJZCI6IjE6MTAxMjMwMjM5MjA1OmFuZHJvaWQ6ZjFjYTJiNjlhNWE0ODEwNTk1MjMwYyIsImV4cCI6MTc1NjQ2MDg2NywiZmlkIjoiZXh6SGcxSUdTTFNrUlJ5SG9JQlRhdyIsInByb2plY3ROdW1iZXIiOjEwMTIzMDIzOTIwNX0.AB2LPV8wRQIgUGOjq_Od4xMiNWdjTwjkGdlvUzXV_be63UcfO6JS1SsCIQC8k9J2tXeUsBPXaN1dvDvOFiI05FPCsTS3WLuy-ANTjw","RefreshToken":"3_AS3qfwKccJyaQZgVmM8nvJDc0-Tyc5TRs3zgPyd9j11wTeTcONogMj8QSJukO2UxdLZoGJ3y_lyXIrMcZZSdXv150EuiX1BCLCB1NU54HFxsaak","TokenCreationEpochInSecs":1755856067,"ExpiresInSecs":604800}