{"Fid":"dCURm59HRG6UOnpI-k4Gqg","Status":3,"AuthToken":"eyJhbGciOiJFUzI1NiIsInR5cCI6IkpXVCJ9.eyJhcHBJZCI6IjE6MTAxMjMwMjM5MjA1OmFuZHJvaWQ6ZjFjYTJiNjlhNWE0ODEwNTk1MjMwYyIsImV4cCI6MTc1NjQ2MTk0MiwiZmlkIjoiZENVUm01OUhSRzZVT25wSS1rNEdxZyIsInByb2plY3ROdW1iZXIiOjEwMTIzMDIzOTIwNX0.AB2LPV8wRQIgSqo3Q-R1zA0MRln7KYRAMvlYgdryQfsP6cfvGS4m5RUCIQDcLbpOIXgB9FYoaJLWTsTwSm7OUejNl_hCo42qii5RwQ","RefreshToken":"3_AS3qfwLERhYu11mL7DLtfMfBzrnhA70wmSTu5L6gr8A_f6EyUWWIeMWHLqxUwzsWfB6FZKYYxEooPuxALHoCaysa6yPG25bV7rKZobk0KQFrVg","TokenCreationEpochInSecs":1755857141,"ExpiresInSecs":604800}