{"Fid":"fcyS9VTeRayvpAWvZJ_6ns","Status":3,"AuthToken":"eyJhbGciOiJFUzI1NiIsInR5cCI6IkpXVCJ9.eyJhcHBJZCI6IjE6NzU0Nzk1NjE0MDQyOmFuZHJvaWQ6YzY4MmI4MTQ0YThkZDUyYmMxYWQ2MyIsImV4cCI6MTc1NjQ2MDg2NywiZmlkIjoiZmN5UzlWVGVSYXl2cEFXdlpKXzZucyIsInByb2plY3ROdW1iZXIiOjc1NDc5NTYxNDA0Mn0.AB2LPV8wRQIgZMI_M96RTCg-56TOCvffzcjKRic6G995KMlFUOz5yG8CIQCpEcXRp4ONbJ40jJrYx8B7V1ZjfnDIG_Y3Dpfzh2BUng","RefreshToken":"3_AS3qfwIMJ6sTkWgV8T_N32ZXNo98shN1Ggcc-1BRrVPGtpOXdXYd0p4ukg3h0YljtWIAM1D26AZI0JfvPX2a8Tp9puXeVhGSBByxK_Y-jKZQGWA","TokenCreationEpochInSecs":1755856067,"ExpiresInSecs":604800}