<?xml version='1.0' encoding='utf-8' standalone='yes' ?>
<map>
    <string name=""></string>
    <string name="promotionalimg">PRP1755675763.jpg</string>
    <boolean name="isSITILogin" value="false" />
    <string name="HALTED_SUB_DATA">null</string>
    <string name="false">true</string>
    <boolean name="isZero1Login" value="false" />
    <string name="FREE_TRIAL_DATA">{&quot;authAmountINR&quot;:&quot;5&quot;,&quot;createdAt&quot;:&quot;2024-08-14 13:06:33&quot;,&quot;freeDays&quot;:&quot;7&quot;,&quot;id&quot;:&quot;2&quot;,&quot;imageFile&quot;:&quot;FT1723640793.png&quot;,&quot;messageText&quot;:&quot;Get 7 days free subscription&quot;,&quot;planId&quot;:&quot;29&quot;,&quot;status&quot;:&quot;1&quot;}</string>
    <string name="UPCOMMING_STATUS">true</string>
    <boolean name="isDISHLogin" value="false" />
    <string name="MAX_DOWNLOAD_LIMIT">10</string>
    <string name="currentdate">22-08-2025</string>
    <string name="user">{&quot;contactNumber&quot;:&quot;7356834430&quot;,&quot;email&quot;:&quot;&quot;,&quot;fbid&quot;:&quot;&quot;,&quot;firstName&quot;:&quot;Upokari Tushar&quot;,&quot;gender&quot;:0,&quot;id&quot;:&quot;4631415&quot;,&quot;isSubscribed&quot;:false,&quot;isSubscription&quot;:false,&quot;lastName&quot;:&quot;&quot;,&quot;social_type&quot;:&quot;&quot;,&quot;status&quot;:&quot;1&quot;}</string>
    <string name="FIRST_NOTIFICATION_POP_UP_DATE">Fri Aug 22 15:23:23 GMT+05:30 2025</string>
</map>
