<?xml version='1.0' encoding='utf-8' standalone='yes' ?>
<map>
    <string name="feature_usage_package_name">com.angel.klikk</string>
    <long name="feature_usage_timestamp_detected_feature_33" value="1755857170093" />
    <long name="feature_usage_timestamp_detected_feature_3" value="1755857068557" />
    <long name="feature_usage_timestamp_detected_feature_12" value="1755857068564" />
    <long name="feature_usage_last_report_time" value="1755856404297" />
    <long name="feature_usage_timestamp_detected_feature_15" value="1755857068558" />
    <string name="feature_usage_sdk_version">21.2.0</string>
    <long name="feature_usage_timestamp_reported_feature_5" value="1755857129830" />
</map>
