<?xml version='1.0' encoding='utf-8' standalone='yes' ?>
<map>
    <long name="com.facebook.appevents.SessionInfo.sessionStartTime" value="1755856957527" />
    <int name="captioning_preset" value="-1" />
    <int name="com.facebook.appevents.SessionInfo.interruptionCount" value="5" />
    <string name="Locale.Helper.Selected.Language">en</string>
    <int name="captioning_foreground_color" value="-1" />
    <string name="captioning_font_size">1.0</string>
    <string name="com.facebook.appevents.SessionInfo.sessionId">cc24bdec-0ade-490d-83a9-ff59ffe6f49b</string>
    <long name="com.facebook.appevents.SessionInfo.sessionEndTime" value="1755857173609" />
    <int name="captioning_edge_color" value="-16777216" />
    <int name="captioning_window_opacity" value="0" />
    <string name="com.facebook.appevents.UserDataStore.internalUserData">{&quot;r2&quot;:&quot;025ead930f64522f61750048127216b5935ecce61d5e319e05b05cdfde8fdaa1,191602e2765d46cdada5594942349d251d136c35edac6eeb11c4f747d23eae22,1c45c3a5ff431b10226cf652b6bb44fabec38396f597818f6a27325fa69211bc,1b17a6e1b40405cd7c0a3937efefb801b51179948fc5bf251269aa2e7cc6ac51,561e2a309f8a0a2c84d443f4abcf00ced4c394f3bcd51b0bdfb1a4683d9a4ebe&quot;}</string>
    <int name="captioning_foreground_opacity" value="-1" />
    <int name="captioning_edge_type" value="0" />
    <boolean name="captions_master_switch" value="false" />
    <int name="captioning_background_opacity" value="-1" />
    <int name="captioning_background_color" value="-16777216" />
    <int name="captioning_window_color" value="0" />
</map>
