<?xml version='1.0' encoding='utf-8' standalone='yes' ?>
<map>
    <long name="com.facebook.appevents.SessionInfo.sessionStartTime" value="1755856593499" />
    <long name="com.facebook.appevents.SessionInfo.sessionEndTime" value="1755856610192" />
    <string name="com.facebook.appevents.UserDataStore.internalUserData">{&quot;r2&quot;:&quot;01de5621458f3d9157c1b11705be99822b94e223df3c45ca257c12b3bdb1cf5e,025ead930f64522f61750048127216b5935ecce61d5e319e05b05cdfde8fdaa1,191602e2765d46cdada5594942349d251d136c35edac6eeb11c4f747d23eae22,1c45c3a5ff431b10226cf652b6bb44fabec38396f597818f6a27325fa69211bc,1b17a6e1b40405cd7c0a3937efefb801b51179948fc5bf251269aa2e7cc6ac51&quot;}</string>
    <int name="com.facebook.appevents.SessionInfo.interruptionCount" value="0" />
    <string name="Locale.Helper.Selected.Language">en</string>
    <string name="com.facebook.appevents.SessionInfo.sessionId">ef3c1e2e-1225-4b39-87ed-54f8d9d2a563</string>
</map>
