<?xml version='1.0' encoding='utf-8' standalone='yes' ?>
<map>
    <long name="first_open_time" value="1755856065324" />
    <string name="gmp_app_id">1:101230239205:android:f1ca2b69a5a4810595230c</string>
    <string name="app_instance_id">392f0a2daaa966b6bbcb72205a17d6c5</string>
    <long name="session_id" value="1755856066" />
    <boolean name="app_backgrounded" value="true" />
    <long name="health_monitor:start" value="1755856065756" />
    <boolean name="use_service" value="true" />
    <boolean name="deferred_analytics_collection" value="false" />
    <string name="default_event_parameters">[{&quot;n&quot;:&quot;user_language&quot;,&quot;v&quot;:&quot;en&quot;,&quot;t&quot;:&quot;s&quot;}]</string>
    <string name="previous_os_version">14</string>
    <boolean name="has_been_opened" value="true" />
    <boolean name="allow_remote_dynamite" value="true" />
    <long name="last_pause_time" value="1755856610194" />
    <boolean name="start_new_session" value="false" />
</map>
