<?xml version='1.0' encoding='utf-8' standalone='yes' ?>
<map>
    <long name="fire-count" value="1" />
    <string name="last-used-date">2025-08-22</string>
    <long name="fire-global" value="1755856119218" />
    <set name="fire-cls/19.2.1 fire-installations/18.0.0 fire-rc/22.0.1 kotlin/2.1.0 fire-abt/21.1.1 fire-core/21.0.0 fire-core-ktx/21.0.0 android-installer/com.google.android.packageinstaller android-platform/ fire-transport/19.0.0 fire-sessions/2.0.6 android-target-sdk/34 android-min-sdk/23 fire-auth/23.1.0 device-brand/realme fire-android/34 fire-fiam/21.0.1 fire-analytics-ktx/22.1.2 fire-perf/21.0.2 fire-analytics/22.1.2 fire-fst/25.1.1 fire-fcm/24.1.0 device-name/RMX3660 fire-fiamd/21.0.1 device-model/RE588BL1">
        <string>2025-08-22</string>
    </set>
</map>
