<?xml version='1.0' encoding='utf-8' standalone='yes' ?>
<map>
    <string name="ONESIGNAL_USERSTATE_DEPENDVALYES_CURRENT_STATE">{&quot;subscribableStatus&quot;:1,&quot;userSubscribePref&quot;:true,&quot;androidPermission&quot;:true,&quot;session&quot;:false}</string>
    <string name="ONESIGNAL_USERSTATE_SYNCVALYES_CURRENT_STATE">{&quot;notification_types&quot;:1,&quot;app_id&quot;:&quot;88625319-5fce-4ba9-882e-c9f61f949242&quot;,&quot;device_os&quot;:&quot;14&quot;,&quot;timezone&quot;:19800,&quot;timezone_id&quot;:&quot;Asia\/Kolkata&quot;,&quot;language&quot;:&quot;en&quot;,&quot;sdk&quot;:&quot;040807&quot;,&quot;sdk_type&quot;:&quot;native&quot;,&quot;android_package&quot;:&quot;com.angel.klikk&quot;,&quot;device_model&quot;:&quot;RMX3660&quot;,&quot;game_version&quot;:133,&quot;net_type&quot;:1,&quot;carrier&quot;:&quot;JIO 4G&quot;,&quot;rooted&quot;:false,&quot;identifier&quot;:&quot;fcyS9VTeRayvpAWvZJ_6ns:APA91bEmzxpjYuv6nhSA4HLTWkvy31Q3gsY4qynKxV4zoM_DunrxUUrkmEnkwl34hnViKG4V1jK-c8cYGIQARLZX5Wb3UV3gS0F2GQPki-FbETFbhbwRTHk&quot;,&quot;device_type&quot;:1,&quot;tags&quot;:{&quot;LOGIN&quot;:&quot;true&quot;,&quot;SUB&quot;:&quot;false&quot;,&quot;ONETIME&quot;:&quot;false&quot;,&quot;RENEWAL&quot;:&quot;false&quot;,&quot;PAST&quot;:&quot;false&quot;},&quot;external_user_id&quot;:&quot;4631415&quot;}</string>
    <boolean name="GT_FIREBASE_TRACKING_ENABLED" value="false" />
    <int name="PREFS_OS_INDIRECT_ATTRIBUTION_WINDOW" value="60" />
    <boolean name="PREFS_OS_INDIRECT_ENABLED" value="false" />
    <boolean name="PREFS_OS_UNATTRIBUTED_ENABLED" value="false" />
    <boolean name="OS_CLEAR_GROUP_SUMMARY_CLICK" value="true" />
    <string name="ONESIGNAL_USERSTATE_SYNCVALYES_smsTOSYNC_STATE">{&quot;app_id&quot;:&quot;88625319-5fce-4ba9-882e-c9f61f949242&quot;,&quot;device_os&quot;:&quot;14&quot;,&quot;timezone&quot;:19800,&quot;timezone_id&quot;:&quot;Asia\/Kolkata&quot;,&quot;language&quot;:&quot;en&quot;,&quot;sdk&quot;:&quot;040807&quot;,&quot;sdk_type&quot;:&quot;native&quot;,&quot;android_package&quot;:&quot;com.angel.klikk&quot;,&quot;device_model&quot;:&quot;RMX3660&quot;,&quot;game_version&quot;:133,&quot;net_type&quot;:1,&quot;carrier&quot;:&quot;JIO 4G&quot;,&quot;rooted&quot;:false,&quot;tags&quot;:{&quot;LOGIN&quot;:&quot;true&quot;,&quot;SUB&quot;:&quot;false&quot;,&quot;ONETIME&quot;:&quot;false&quot;,&quot;RENEWAL&quot;:&quot;false&quot;,&quot;PAST&quot;:&quot;false&quot;}}</string>
    <string name="ONESIGNAL_USERSTATE_DEPENDVALYES_smsTOSYNC_STATE">{&quot;subscribableStatus&quot;:1,&quot;userSubscribePref&quot;:true,&quot;session&quot;:true}</string>
    <boolean name="PREFS_OS_OUTCOMES_V2" value="false" />
    <string name="PREFS_OS_HTTP_CACHE_PREFIX_CACHE_KEY_REMOTE_PARAMS">{&quot;awl_list&quot;:{},&quot;android_sender_id&quot;:&quot;101230239205&quot;,&quot;chnl_lst&quot;:[],&quot;outcomes&quot;:{&quot;direct&quot;:{&quot;enabled&quot;:false},&quot;indirect&quot;:{&quot;notification_attribution&quot;:{&quot;minutes_since_displayed&quot;:60,&quot;limit&quot;:10},&quot;enabled&quot;:false},&quot;unattributed&quot;:{&quot;enabled&quot;:false}},&quot;receive_receipts_enable&quot;:false}</string>
    <int name="PREFS_OS_IAM_INDIRECT_ATTRIBUTION_WINDOW" value="1440" />
    <int name="PREFS_OS_NOTIFICATION_LIMIT" value="10" />
    <long name="GT_UNSENT_ACTIVE_TIME" value="964" />
    <int name="PREFS_OS_IAM_LIMIT" value="10" />
    <string name="ONESIGNAL_USERSTATE_SYNCVALYES_emailTOSYNC_STATE">{&quot;app_id&quot;:&quot;88625319-5fce-4ba9-882e-c9f61f949242&quot;,&quot;device_os&quot;:&quot;14&quot;,&quot;timezone&quot;:19800,&quot;timezone_id&quot;:&quot;Asia\/Kolkata&quot;,&quot;language&quot;:&quot;en&quot;,&quot;sdk&quot;:&quot;040807&quot;,&quot;sdk_type&quot;:&quot;native&quot;,&quot;android_package&quot;:&quot;com.angel.klikk&quot;,&quot;device_model&quot;:&quot;RMX3660&quot;,&quot;game_version&quot;:133,&quot;net_type&quot;:1,&quot;carrier&quot;:&quot;JIO 4G&quot;,&quot;rooted&quot;:false,&quot;tags&quot;:{&quot;LOGIN&quot;:&quot;true&quot;,&quot;SUB&quot;:&quot;false&quot;,&quot;ONETIME&quot;:&quot;false&quot;,&quot;RENEWAL&quot;:&quot;false&quot;,&quot;PAST&quot;:&quot;false&quot;}}</string>
    <long name="OS_LAST_SESSION_TIME" value="1755857175670" />
    <set name="PREFS_OS_UNATTRIBUTED_UNIQUE_OUTCOME_EVENTS_SENT" />
    <boolean name="PREFS_OS_DIRECT_ENABLED" value="false" />
    <string name="ONESIGNAL_USERSTATE_DEPENDVALYES_TOSYNC_STATE">{&quot;subscribableStatus&quot;:1,&quot;userSubscribePref&quot;:true,&quot;androidPermission&quot;:true,&quot;session&quot;:false}</string>
    <string name="GT_APP_ID">88625319-5fce-4ba9-882e-c9f61f949242</string>
    <long name="OS_LAST_LOCATION_TIME" value="1755857165846" />
    <boolean name="PREFS_OS_RECEIVE_RECEIPTS_ENABLED" value="false" />
    <string name="PREFS_OS_ETAG_PREFIX_CACHE_KEY_REMOTE_PARAMS">W/&quot;b438b0db0ebd381126f8ed263306205f&quot;</string>
    <string name="GT_PLAYER_ID">32a0d33f-fb9b-415d-bc9a-1d1edc749f09</string>
    <boolean name="OS_RESTORE_TTL_FILTER" value="true" />
    <string name="ONESIGNAL_USERSTATE_DEPENDVALYES_emailTOSYNC_STATE">{&quot;subscribableStatus&quot;:1,&quot;userSubscribePref&quot;:true,&quot;session&quot;:true}</string>
    <string name="ONESIGNAL_USERSTATE_SYNCVALYES_TOSYNC_STATE">{&quot;app_id&quot;:&quot;88625319-5fce-4ba9-882e-c9f61f949242&quot;,&quot;device_os&quot;:&quot;14&quot;,&quot;timezone&quot;:19800,&quot;timezone_id&quot;:&quot;Asia\/Kolkata&quot;,&quot;language&quot;:&quot;en&quot;,&quot;sdk&quot;:&quot;040807&quot;,&quot;sdk_type&quot;:&quot;native&quot;,&quot;android_package&quot;:&quot;com.angel.klikk&quot;,&quot;device_model&quot;:&quot;RMX3660&quot;,&quot;game_version&quot;:133,&quot;net_type&quot;:1,&quot;carrier&quot;:&quot;JIO 4G&quot;,&quot;rooted&quot;:false,&quot;identifier&quot;:&quot;fcyS9VTeRayvpAWvZJ_6ns:APA91bEmzxpjYuv6nhSA4HLTWkvy31Q3gsY4qynKxV4zoM_DunrxUUrkmEnkwl34hnViKG4V1jK-c8cYGIQARLZX5Wb3UV3gS0F2GQPki-FbETFbhbwRTHk&quot;,&quot;device_type&quot;:1,&quot;notification_types&quot;:1,&quot;tags&quot;:{&quot;LOGIN&quot;:&quot;true&quot;,&quot;SUB&quot;:&quot;false&quot;,&quot;ONETIME&quot;:&quot;false&quot;,&quot;RENEWAL&quot;:&quot;false&quot;,&quot;PAST&quot;:&quot;false&quot;},&quot;external_user_id&quot;:&quot;4631415&quot;}</string>
    <boolean name="PREFS_OS_UNSUBSCRIBE_WHEN_NOTIFICATIONS_DISABLED" value="true" />
</map>
