<?xml version='1.0' encoding='utf-8' standalone='yes' ?>
<map>
    <int name="d_ts" value="1755856069" />
    <int name="dh" value="-46505677" />
    <int name="hgt" value="4" />
    <string name="av">3.3.3</string>
    <int name="v" value="2" />
    <int name="wdt" value="2" />
    <string name="j_n">Zw==</string>
    <string name="i_n">ZmtheQQABQ==</string>
    <int name="r_ts" value="1755856405" />
    <string name="id">RZZ-645-5K7Z</string>
    <string name="k_n">DHhmfQEBBQVieA8=</string>
    <string name="j_s">{}</string>
</map>
