<?xml version='1.0' encoding='utf-8' standalone='yes' ?>
<map>
    <string name="instance:RZZ-645-5K7Z">{&quot;accountId&quot;:&quot;RZZ-645-5K7Z&quot;,&quot;accountToken&quot;:&quot;546-112&quot;,&quot;accountRegion&quot;:&quot;in1&quot;,&quot;analyticsOnly&quot;:false,&quot;isDefaultInstance&quot;:true,&quot;useGoogleAdId&quot;:false,&quot;disableAppLaunchedEvent&quot;:false,&quot;personalization&quot;:true,&quot;debugLevel&quot;:0,&quot;createdPostAppLaunch&quot;:false,&quot;sslPinning&quot;:false,&quot;backgroundSync&quot;:false,&quot;getEnableCustomCleverTapId&quot;:false,&quot;beta&quot;:false,&quot;encryptionLevel&quot;:0,&quot;allowedPushTypes&quot;:[]}</string>
    <int name="imc:__225b264b352443ca9e037312ce848fb1:RZZ-645-5K7Z" value="1" />
    <string name="SP_KEY_PROFILE_IDENTITIES:RZZ-645-5K7Z">Identity</string>
    <int name="comms_first_ts:RZZ-645-5K7Z" value="1755856067" />
    <int name="comms_last_ts:RZZ-645-5K7Z" value="1755856404" />
    <string name="ict_date:__225b264b352443ca9e037312ce848fb1:RZZ-645-5K7Z">22082025</string>
    <int name="istc_inapp:__225b264b352443ca9e037312ce848fb1:RZZ-645-5K7Z" value="0" />
    <int name="encryptionMigrationFailureCount:RZZ-645-5K7Z" value="0" />
    <string name="cachedGUIDsKey:RZZ-645-5K7Z">{&quot;Identity_4631415&quot;:&quot;__225b264b352443ca9e037312ce848fb1&quot;}</string>
    <int name="encryptionLevel:RZZ-645-5K7Z" value="0" />
    <string name="deviceId:RZZ-645-5K7Z">__225b264b352443ca9e037312ce848fb1</string>
    <int name="sexe:RZZ-645-5K7Z" value="1755856408" />
    <int name="istmcd_inapp:__225b264b352443ca9e037312ce848fb1:RZZ-645-5K7Z" value="10" />
    <int name="cachedGUIDsLengthKey:RZZ-645-5K7Z" value="1" />
    <boolean name="NetworkInfo:RZZ-645-5K7Z" value="true" />
    <boolean name="ssInAppMigrated:RZZ-645-5K7Z" value="true" />
    <string name="fcm_token:RZZ-645-5K7Z">exzHg1IGSLSkRRyHoIBTaw:APA91bFjEhe_T0ZMgyqd0kmrQjDiFBkvsLszf_AO78mIlQSD6lsUGSAD7IrFNfoe1BBcIs8fpwlt0iHdN-CoSBEd0NAGDb4HtRD2fsSpqrlSvvDo_KaB1JU</string>
    <int name="lastSessionId:RZZ-645-5K7Z" value="1755856065" />
    <long name="last_assets_cleanup" value="1755856067604" />
</map>
